User ID,name,Gender,Age,EstimatedSalary,Purchased
10000,Holly Ruiz,Female,32,133029,0
10001,Jesus Gilbert,Female,40,62182,0
10002,Rodney Williams,Female,23,16699,1
10003,Steven Wright,Female,44,10851,0
10004,Brenda Blackwell,Male,52,54327,0
10005,Vincent Nguyen,Female,43,93982,1
10006,Michelle Clark,Female,28,112935,0
10007,Barbara Taylor,Female,42,120213,0
10008,Suzanne Lane,Male,33,76895,-1
10009,Jerry Rollins,Female,23,98273,1
10010,Richard Key,Male,49,13580,1
10011,Eric Hernandez,Male,46,44934,1
10012,Marcus Valencia,Male,22,119668,0
10013,Andrew Martinez,Female,58,27918,1
10014,Norman Diaz,Male,25,130431,1
10015,Marie Wilson,Female,45,143827,1
10016,Mandy Malone,Male,36,70672,1
10017,Gerald Fisher,Female,51,64087,0
10018,Kathleen Buchanan,Female,50,122859,1
10019,Jessica Chang,Female,39,117587,0
10020,Tammy Mendez,Male,24,111748,0
10021,Sarah Sparks,Female,31,80865,1
10022,Lisa Larsen,Female,52,101347,0
10023,Raymond Castro,Male,57,91532,1
10024,Daniel Anderson,Male,42,39063,1
10025,Kyle Patel,Male,22,63448,0
10026,Mark Peterson,Male,42,137490,1
10027,Brett Miller,Male,50,117422,1
10028,Douglas Salinas,Female,36,121412,1
10029,Jasmine Porter,Female,26,10873,1
10030,Carlos Porter,Male,25,72117,1
10031,Ryan Todd,Female,59,39272,0
10032,Lisa Garcia MD,Female,45,75351,1
10033,Shane Hanna,Male,55,58651,0
10034,Jacob Stone,Male,33,134495,-1
10035,Jason Moon,Male,41,30264,0
10036,Jennifer Rivas,Male,30,13605,0
10037,Todd Keller,Female,20,12509,0
10038,Gregory Smith,Female,24,28786,0
10039,Christine Heath,Female,43,131586,0
10040,Margaret Knight,Female,39,78774,1
10041,Mary Smith,Male,27,39847,1
10042,Monica Ross,Male,45,26017,1
10043,Nicholas Ferguson PhD,Female,29,82808,1
10044,Robert Bean,Male,43,8582,0
10045,Brittany Smith,Male,46,111997,0
10046,Alexander Snyder,Female,55,26940,1
10047,Robin Erickson,Male,25,146464,0
10048,Samuel Williams,Male,48,105993,1
10049,James Moreno,Female,27,140777,0
10050,Brenda Silva,Female,23,33347,0
10051,Natasha Villegas,Female,29,120023,-1
10052,Jamie Ortiz,Female,22,84395,1
10053,Megan Howard,Female,46,117225,0
10054,Susan Lowe,Male,35,144612,0
10055,Alicia Smith,Female,47,20865,-1
10056,Carl Castillo,Male,40,77102,1
10057,Dominique Garcia,Male,43,26592,0
10058,Latasha Garcia,Female,26,51993,0
10059,Rachel Bender,Male,34,44698,-1
10060,William Patterson,Male,46,54765,1
10061,James Dunlap,Male,36,32082,0
10062,Larry Brown,Male,36,133498,0
10063,Claire Walsh,Male,49,83091,1
10064,William Kirk,Male,44,37635,1
10065,Jeremy Myers,Female,53,36169,1
10066,Andrew Vega,Male,57,48996,1
10067,Richard Bennett,Female,50,65649,1
10068,Angela Brown,Female,52,64271,1
10069,Michael Williams,Male,47,149742,0
10070,Nicholas Pope,Female,27,25925,0
10071,Robin Bell,Female,56,142952,0
10072,Amber Green,Female,48,37753,0
10073,David Buchanan,Male,55,136189,0
10074,Heather Rodriguez,Male,34,101472,1
10075,Thomas Ford,Female,36,83712,1
10076,Eric Martinez,Male,31,125528,1
10077,David Patrick,Male,44,91043,0
10078,Curtis Lawrence,Female,24,97816,0
10079,Kelsey Cobb,Male,49,68945,1
10080,Mark Lane,Female,35,148584,1
10081,Trevor Perez,Male,26,113577,0
10082,Heather Jackson,Male,42,57565,-1
10083,Susan Powers,Male,37,148415,0
10084,Becky Levy,Female,26,136652,0
10085,Jared Black,Male,35,73452,0
10086,Ronald Cabrera,Female,49,119945,1
10087,Carol Ward,Female,47,46713,1
10088,Michael Glenn,Male,54,113873,1
10089,Carla Jones,Female,51,18895,0
10090,Samantha Silva,Female,36,132858,1
10091,Morgan Taylor,Male,44,94139,0
10092,Nathan Lawson,Male,55,96039,0
10093,Stephanie Gutierrez,Male,41,42685,0
10094,Christina Levine,Male,49,58955,1
10095,David Neal,Female,53,113843,1
10096,Rachel Thomas,Male,24,75444,0
10097,Caitlin Tanner,Female,49,78876,1
10098,William Ali,Male,47,69249,1
10099,Joseph Torres,Male,53,146816,1
10100,Amy King,Female,26,85693,1
10101,Elizabeth White,Male,23,116758,1
10102,Darryl Gutierrez,Female,38,93162,1
10103,David Caldwell,Female,52,148087,0
10104,Gerald Campbell,Female,34,64259,1
10105,Nicole Douglas,Male,24,39851,0
10106,Dr. Tara Perry,Female,50,141465,1
10107,Ellen Rodgers,Male,38,31464,1
10108,Amanda Morris,Male,20,136145,1
10109,Kurt Ortiz,Male,33,146226,1
10110,Rebecca Murray,Male,44,62120,0
10111,Christopher Knox,Male,28,60210,1
10112,Leonard Hinton,Female,29,53560,1
10113,Angela Werner,Female,47,121721,1
10114,Annette Jones,Female,28,39265,-1
10115,Brandon Kelly,Female,57,29166,1
10116,Joshua Nixon,Female,58,22008,1
10117,Karen Ramirez,Female,32,132823,-1
10118,Isabella Griffith,Male,26,144642,0
10119,Matthew Stafford,Female,46,44940,0
10120,Justin Reed,Male,21,26527,0
10121,Jose Mann,Male,26,128395,1
10122,Michelle Russell,Male,23,44047,0
10123,Teresa Frost,Male,52,98468,0
10124,Cody Gonzales,Female,22,25399,0
10125,Nicholas Miller,Female,26,99461,0
10126,Micheal Clarke,Female,28,141868,1
10127,Lori Klein,Male,32,141279,1
10128,James Delacruz,Male,51,43544,1
10129,Victoria Thomas,Male,32,38480,1
10130,Jennifer Williams,Female,49,41051,1
10131,Anthony Chavez,Male,52,48039,0
10132,Kathryn Tate,Male,42,88074,0
10133,Jake Lowe,Female,55,102681,0
10134,Jennifer Mendoza,Female,55,42341,0
10135,Corey Myers,Male,52,146542,0
10136,Michelle Morgan,Female,47,128693,0
10137,Joseph Davis,Male,43,113378,0
10138,Brett Ellis,Female,39,108204,0
10139,Gary Willis,Male,47,29188,1
10140,Cesar Baker,Male,48,129795,1
10141,Crystal Reeves,Male,49,38441,0
10142,Michael Frost,Female,43,125862,0
10143,Savannah Walker,Male,45,47021,1
10144,Shawn Bowman Jr.,Male,34,9484,0
10145,Tyler King,Male,28,99533,0
10146,Kathryn Mejia,Female,59,50527,0
10147,Joshua Gallegos,Male,46,128647,0
10148,Caroline Simon,Male,36,87846,1
10149,Tiffany Mendez,Male,47,14347,1
10150,Heather Jensen,Male,40,67102,0
10151,Jennifer Mccarthy,Female,31,63155,0
10152,Mario Sanchez,Male,36,52766,0
10153,Cody Whitaker,Female,37,87665,1
10154,Nicole Gonzalez,Male,35,142487,0
10155,Shannon Parks,Female,20,47408,1
10156,Samuel Cannon,Male,56,128625,1
10157,Jennifer Gardner,Male,31,134767,0
10158,Jeffrey Hutchinson,Male,23,106913,0
10159,Kathleen Patrick,Female,39,128344,0
10160,William Melendez,Female,33,115018,1
10161,Bryan Petersen Jr.,Male,52,90081,1
10162,Rachel Lopez,Male,58,107864,0
10163,Cody Kirk,Male,59,147184,0
10164,Mary Johnson,Male,29,71505,0
10165,Matthew Jones,Male,51,85921,0
10166,Melissa Wolf,Female,23,149847,1
10167,Pam Sandoval,Female,44,113254,1
10168,Eddie Ayers,Female,41,70759,1
10169,Jessica Davis,Male,53,128227,0
10170,Michael Kennedy,Female,32,46972,1
10171,Lynn Martinez,Female,44,129524,0
10172,Bryan Williams,Female,45,76958,0
10173,Daniel Houston,Male,28,125042,0
10174,Tasha Arroyo,Female,21,107375,1
10175,Derek Davis,Male,55,29695,0
10176,Alan Martin,Male,38,54887,1
10177,Jason Shields,Male,32,130903,0
10178,Mary Rodriguez,Male,30,110539,0
10179,William Sanchez,Male,44,11842,0
10180,Melinda Morgan,Female,55,44839,0
10181,Robert White,Female,28,113719,1
10182,Michael Green,Male,34,88405,1
10183,Terry Duran,Female,44,77683,0
10184,Mrs. Brianna Massey,Female,44,77089,1
10185,Cheryl Luna,Female,27,86479,1
10186,Emily Taylor,Male,44,102491,0
10187,Connie Davidson,Male,59,25051,0
10188,Jonathan Smith,Female,36,38293,1
10189,Elizabeth Leonard,Male,52,103114,0
10190,Michael Parker,Male,32,149815,0
10191,Danielle Smith,Female,27,139221,0
10192,April Garcia,Female,57,71558,1
10193,Scott Barber,Female,21,26162,0
10194,Bobby Dean,Female,38,121037,0
10195,Elizabeth Scott,Female,27,30812,1
10196,Morgan Johnson,Male,59,99294,0
10197,Kaitlyn Davidson MD,Female,29,108433,0
10198,Ricky Landry,Male,24,72327,1
10199,Johnathan Vargas,Male,43,79997,0
10200,Nicole Ortiz,Male,46,8790,1
10201,Aaron Myers,Male,22,38604,1
10202,Matthew Moody,Male,20,12201,1
10203,Scott Moore,Female,23,132329,-1
10204,Chad Baker,Female,48,118444,0
10205,Lori Vincent,Male,43,18886,0
10206,Daisy Mitchell,Male,34,29622,0
10207,Charles Collins,Female,44,108189,1
10208,Susan Barker,Male,29,121379,0
10209,Shane Mills,Female,22,109490,0
10210,Mark Brown,Female,40,132716,0
10211,Tamara Lopez,Male,31,58754,1
10212,Kimberly Boyd,Female,57,110953,1
10213,William Nguyen,Female,45,16780,0
10214,Ms. Donna Boyd,Female,39,81780,0
10215,Kevin Parker,Female,41,99092,0
10216,Jillian Jackson,Female,39,128951,1
10217,Michelle Wilson,Male,24,128823,0
10218,Nancy Prince,Female,30,36690,0
10219,Michelle Buckley MD,Male,33,39937,1
10220,Jesse Knox,Female,38,137508,1
10221,Katrina Hoffman,Male,30,144393,1
10222,Dana Wright,Male,55,54436,1
10223,Jerome Ross,Male,21,12620,0
10224,Priscilla Williams,Female,48,80843,0
10225,Jennifer Wright,Male,46,53410,1
10226,Alexander Martin,Female,40,67290,1
10227,Joseph Chapman,Female,54,70149,1
10228,Antonio Castro,Male,27,39075,0
10229,Jeffery Case,Male,23,71165,1
10230,Bruce Rodriguez,Female,27,109578,0
10231,Thomas Weber,Female,36,15231,1
10232,James Wilson,Male,58,31553,0
10233,David Martin,Female,58,114535,0
10234,Kimberly Skinner,Female,38,103201,1
10235,Kristina Silva,Female,58,35393,1
10236,Nicholas Mueller,Male,26,40120,0
10237,Albert Dunlap,Female,47,95717,0
10238,Robert Rocha,Female,37,29181,1
10239,Corey Vincent,Male,56,25306,0
10240,Stephanie Johnson,Male,58,12568,0
10241,Paula Grimes,Male,34,69446,0
10242,David Mccarty,Male,48,45879,0
10243,Heather Davis,Male,44,132730,1
10244,Randall Mendoza,Female,40,121625,1
10245,Jonathan Beck,Female,53,72121,1
10246,Matthew Park,Male,22,77571,1
10247,Darren Robles,Male,42,145143,0
10248,Ashley Dixon,Female,32,39011,1
10249,James Hunter,Female,51,18715,1
10250,Katherine Black,Male,39,123267,1
10251,John Manning,Female,51,45913,1
10252,Robin Pollard,Male,37,18400,1
10253,Christina Gonzalez,Male,52,59850,0
10254,Tyler Owen,Male,25,71171,1
10255,Jennifer Burke,Female,41,15153,1
10256,Natalie Johnson,Male,42,134782,1
10257,Anthony Hall,Female,31,45956,0
10258,Rhonda Morales,Male,48,8124,0
10259,Stephanie Davis,Male,44,37340,0
10260,Brian Cooper,Female,48,54972,1
10261,Kimberly Tate,Male,22,94748,0
10262,Emily Bailey,Male,49,9901,0
10263,Rhonda Lane,Female,35,121339,0
10264,Scott Gonzalez,Male,28,109612,0
10265,Gary Collins,Female,46,67260,1
10266,Michelle Dennis,Male,54,54978,0
10267,Courtney Cannon,Female,34,126200,1
10268,Daniel Smith,Male,25,103984,0
10269,Elizabeth Sims,Female,50,101575,0
10270,Joan Hopkins,Male,44,120004,0
10271,Brooke Graham,Female,42,67262,0
10272,Stacey Webb,Male,35,128703,1
10273,Sabrina Edwards,Male,22,90856,0
10274,Scott Reyes,Female,38,70674,1
10275,Michael Johnson,Female,48,29160,1
10276,Richard Harris,Male,29,25289,1
10277,Christopher Davis,Male,45,31681,0
10278,Joshua Campbell,Female,32,94882,0
10279,Bonnie Williams,Male,38,53032,0
10280,Victor Brady,Female,38,144588,0
10281,Robert Johnson,Female,35,118019,1
10282,Cynthia Key,Female,35,32149,1
10283,Gregory Haley,Female,40,120689,1
10284,Crystal Wilkerson,Female,53,36209,1
10285,Donna Kelly,Male,49,48767,1
10286,Elizabeth Holland,Female,36,11808,1
10287,Jennifer Pearson,Female,38,12722,0
10288,Helen Freeman,Male,23,144348,1
10289,Richard Randolph,Male,27,45858,-1
10290,Jonathan James,Female,42,128599,0
10291,Roy Patterson,Male,38,98519,1
10292,Thomas Allen,Male,59,125080,-1
10293,Kenneth Ball,Female,22,89329,1
10294,Tyler Brown,Female,53,76133,0
10295,Brandon Mills,Male,50,110652,0
10296,Michael Sullivan,Female,29,135512,0
10297,Nicholas Mendoza,Female,44,138976,-1
10298,Elizabeth Miller,Male,20,18930,1
10299,Daniel Patterson,Female,44,66877,0
10300,Phillip Branch,Male,44,55768,1
10301,Andrew Ross,Female,37,54621,1
10302,Robert Bowers,Male,59,135321,-1
10303,Tiffany Meyer,Female,41,119976,1
10304,Daniel Cochran,Male,38,60784,1
10305,Andrew Saunders,Female,36,38875,1
10306,Brian Nelson,Female,37,32224,0
10307,Michael Maxwell,Female,37,73051,1
10308,Christopher Barnes,Female,28,42327,1
10309,Daniel Murphy,Male,51,80177,1
10310,Alison Sanchez,Male,32,84619,1
10311,Mike Hardy,Female,52,138823,0
10312,David Walker,Male,51,73178,1
10313,David Evans,Male,43,27547,1
10314,David Anderson,Female,46,134313,1
10315,Zachary Kennedy,Male,28,83019,0
10316,Bryce Williams PhD,Female,47,47585,1
10317,Melissa Brewer,Male,23,55170,0
10318,Dr. Anthony Rice PhD,Female,56,77717,-1
10319,Nicole Holder,Male,47,19444,1
10320,Erin Thomas,Male,40,64468,0
10321,Yolanda Manning,Female,36,85701,1
10322,Brenda Foster,Male,55,66189,0
10323,Lisa Page,Male,47,134092,1
10324,Logan Lucas,Female,30,59483,1
10325,Harold Parker,Male,24,100113,1
10326,Tony Brown,Male,20,43172,0
10327,Gary Nelson,Female,38,19559,1
10328,Jeffery Carter,Male,32,123572,0
10329,Melissa Martinez,Female,38,137677,0
10330,John Doyle,Female,20,125234,1
10331,Virginia Jacobs,Female,54,132667,-1
10332,Dylan Barnes,Male,24,49347,1
10333,Jessica Reed,Female,20,86061,0
10334,John Frazier,Female,24,49166,0
10335,Ashley Barry,Female,35,128298,1
10336,John Sims,Female,28,34046,1
10337,Michele Alexander,Male,42,12176,1
10338,Theresa Lucero MD,Male,39,69871,0
10339,Troy Hawkins,Female,56,50322,0
10340,Chad Young,Male,23,48214,-1
10341,Mark Grant MD,Female,40,78276,0
10342,Kevin Cochran,Male,45,95244,0
10343,Mark Edwards,Female,20,79006,0
10344,Wayne White,Female,37,66858,0
10345,Chad Perry,Male,51,109229,1
10346,Robert Baxter,Male,49,24578,1
10347,Jaime Gardner,Male,35,95496,1
10348,David Ward,Female,36,39919,0
10349,Eric Jackson,Female,33,85354,0
10350,James Mitchell,Female,41,61286,0
10351,Eddie Cortez,Female,48,106291,1
10352,Kelsey Miller,Female,57,68215,1
10353,Justin Cruz,Male,53,135977,1
10354,Elizabeth Thomas,Female,30,35084,0
10355,Colleen Turner,Male,53,142498,1
10356,Amanda Ali,Female,41,14040,1
10357,Jennifer Davis,Female,27,148459,1
10358,Courtney Brown,Male,40,21383,0
10359,Kimberly Roy,Female,47,74243,-1
10360,Eric Villa,Male,37,35482,0
10361,Roy Kline,Male,27,77964,1
10362,Taylor Williams,Male,53,103265,1
10363,Brittany Wilson,Male,23,140709,1
10364,Pamela Horton,Female,47,31579,1
10365,Jennifer Evans,Male,40,76383,-1
10366,Joshua Jenkins,Male,33,10850,1
10367,David Howard,Male,52,43516,0
10368,Edwin Ford,Male,39,43003,1
10369,Edward Hill,Female,34,26100,0
10370,Thomas Peterson,Female,30,138625,0
10371,Brian Wilson,Male,51,59170,0
10372,Tina Livingston,Male,43,29916,0
10373,Angie Merritt,Female,23,147571,1
10374,Ronald Clark,Female,58,43808,1
10375,Randall Barron,Male,40,116003,0
10376,Joshua Horton,Male,48,96864,1
10377,Rachel Jones,Male,35,91847,1
10378,Stephen Garrett,Female,32,35161,0
10379,David Bartlett,Female,49,139021,0
10380,Curtis Conrad,Male,50,72831,1
10381,John Sanchez,Male,30,109629,1
10382,Matthew Burnett,Male,49,9482,1
10383,Daniel Merritt,Male,47,91586,0
10384,Taylor Morales,Male,22,26666,0
10385,Rachel Smith,Male,55,86607,1
10386,Morgan Davis,Female,32,39836,1
10387,Brandon Cooper,Female,44,145518,1
10388,Rose Rubio,Female,55,84598,0
10389,Nicole Schmitt,Male,23,86297,1
10390,Jason Robertson,Female,51,8418,0
10391,Mark Wright,Female,43,16702,0
10392,Robert Olson,Male,52,127955,1
10393,Arthur Harrison,Male,21,145956,-1
10394,Emily Larson,Male,36,82622,1
10395,Marcia Stewart,Female,40,23718,0
10396,Brian Ewing,Male,41,8634,0
10397,Peter Davis,Male,29,38246,0
10398,Jessica Holt,Female,49,82018,0
10399,Melinda Peterson,Male,48,96297,0
10400,Victoria Mack,Male,48,41270,0
10401,Antonio Wilson,Female,31,34714,0
10402,John Freeman,Male,41,24192,1
10403,Jaclyn Oliver,Male,47,110703,1
10404,James Fitzgerald,Male,30,30107,0
10405,Austin Ross,Male,29,145161,1
10406,Isabella Baird,Male,20,55644,1
10407,Connie Kelley,Female,21,40932,0
10408,Mark Miller,Male,43,126233,0
10409,Kevin Smith,Male,52,101708,1
10410,James Watson,Female,49,56460,0
10411,Andrew Martinez,Male,25,41462,-1
10412,Louis Owen,Male,29,21148,0
10413,Justin Peterson,Male,32,96725,1
10414,Dustin Zavala,Male,24,133167,1
10415,Derek Thompson,Female,23,88567,1
10416,Jacob Wallace,Male,53,25753,1
10417,Michael Martinez,Male,37,100362,1
10418,Rickey Moreno,Male,39,66958,0
10419,Brenda Morton,Male,46,127393,0
10420,Nicholas Walls,Male,51,68965,1
10421,Haley Thornton,Male,35,48987,0
10422,Dana Jimenez MD,Female,55,115730,0
10423,Robert Bryant,Female,41,146690,-1
10424,Maria Rosales,Female,25,20949,1
10425,Megan Bradford,Male,46,45224,0
10426,Emily Terry,Male,52,134484,0
10427,Samantha Morton,Female,53,122701,0
10428,Victor Bates,Female,22,137279,1
10429,Dr. Timothy Mooney MD,Male,48,22089,0
10430,Nichole Garrison,Female,42,46791,1
10431,Billy Fry,Male,48,18530,1
10432,Holly Johnson,Female,38,98582,1
10433,Marilyn Finley,Male,28,26789,1
10434,Amy Shah,Female,57,126078,1
10435,Hector Davis,Male,58,67890,0
10436,Bethany Davidson,Female,22,123194,0
10437,Madison Nelson,Male,27,120103,0
10438,Cynthia Mason,Male,56,26442,0
10439,Paul Garcia,Female,53,35432,1
10440,Steven Robinson,Female,45,37054,1
10441,Ashley Brown,Male,20,74059,0
10442,Susan Smith,Male,21,119837,1
10443,Ashley Martinez,Female,55,73790,0
10444,Curtis Mccullough,Male,54,122244,0
10445,Thomas Banks,Female,49,91784,0
10446,Tony Nguyen,Male,24,30515,1
10447,Andrew Miller,Male,38,16356,0
10448,James Gonzales,Male,42,99380,1
10449,Elizabeth Warren,Male,55,11766,1
10450,Megan Meyer,Male,28,48629,1
10451,William Gonzalez,Male,33,16193,0
10452,Jose Mckee,Male,28,70586,-1
10453,Michael Marshall,Male,35,19163,1
10454,Rebecca Bell,Male,25,28589,0
10455,John Nelson,Female,40,94381,1
10456,Kristin Sosa,Male,52,69412,1
10457,Thomas Davis,Female,56,63794,1
10458,Amanda Robinson,Female,56,23900,0
10459,Mrs. Andrea Hayden,Female,45,109990,0
10460,Kristine Davis,Male,49,113558,0
10461,Victoria Mercado,Male,54,48921,0
10462,Tara Douglas,Female,31,145646,1
10463,Nicholas Bailey,Male,50,48075,0
10464,Megan Stein,Male,21,8996,0
10465,Ms. Shawna Mann,Female,54,24004,1
10466,Rachael Acosta,Male,57,81766,0
10467,Jonathan Martin,Female,45,89151,1
10468,Christina Gonzalez,Male,45,14629,1
10469,Kyle Hogan,Female,29,93548,0
10470,Sonia Butler,Male,41,123010,1
10471,Rickey Snyder,Male,48,68803,1
10472,Brett Ritter,Male,22,29345,1
10473,Joshua Davis,Female,41,110042,1
10474,Traci Harris,Female,31,60734,0
10475,Valerie Carter,Male,41,95707,0
10476,Sheila Gomez,Male,49,107939,1
10477,Sonya Shaffer,Female,49,84058,1
10478,Edwin Bradley,Male,55,47442,0
10479,John Caldwell,Male,31,41045,0
10480,Jessica Hunter,Male,29,123149,0
10481,Alexandra Eaton,Male,26,142320,1
10482,Bobby Sanchez,Male,57,16086,-1
10483,Alan Miller,Male,35,91374,-1
10484,Mandy Kelly,Female,41,56904,0
10485,Dawn Oliver,Female,58,102671,0
10486,Mark Phillips DDS,Male,38,50129,1
10487,Darren Jones,Male,33,97527,0
10488,Erika Fields,Male,47,123216,0
10489,Julie Booth,Female,41,29700,0
10490,Kathy Miller,Female,45,92223,0
10491,Leroy Baker,Female,34,95296,0
10492,Roberto Gomez,Male,45,56134,1
10493,Christopher Brooks,Female,42,130778,1
10494,Elizabeth Thompson DDS,Female,41,34956,0
10495,Helen Norris,Female,41,19669,1
10496,Louis Martin,Male,27,84543,1
10497,Jennifer Caldwell,Male,52,143005,1
10498,Angela Marsh,Male,27,136074,0
10499,Amanda Burch,Female,35,46512,0
10500,Kristina Nichols,Female,26,56371,1
10501,Walter Simpson,Male,53,24833,0
10502,Joseph George,Male,56,113324,0
10503,Trevor Henry,Female,32,148464,0
10504,Vanessa Richards,Female,31,149030,1
10505,Lori Brown,Female,51,52229,1
10506,Nicole Hamilton,Female,27,107978,0
10507,Erika Mayer,Male,28,74532,0
10508,Susan Ryan,Female,58,22020,0
10509,Danny Lee,Female,42,129873,1
10510,Dr. Rebecca Henry,Male,57,16286,0
10511,Eric Simon,Female,34,87999,1
10512,Sandra Mitchell,Male,57,114430,1
10513,Patricia Graham,Female,38,112749,0
10514,Robert King,Female,29,142811,1
10515,Gabrielle Campbell,Female,58,91243,0
10516,Daniel Webb Jr.,Male,22,136410,1
10517,Kathy Chambers,Male,20,75287,1
10518,Brooke Roberts,Male,58,15188,1
10519,Stefanie Smith,Male,45,10695,0
10520,Vincent Scott,Male,32,56537,-1
10521,Regina Miller,Male,22,103005,1
10522,Kyle Lewis,Female,29,132967,0
10523,April Frank,Female,35,25251,0
10524,Steven Rangel,Male,59,45917,0
10525,Taylor Williams,Male,40,47726,0
10526,James Carroll,Female,39,31317,1
10527,Denise Mendez,Female,49,118127,0
10528,Keith Myers,Female,52,133154,0
10529,Philip Greene,Male,52,100015,1
10530,Thomas Arellano,Female,26,22429,0
10531,Dakota Ware,Male,52,37616,1
10532,Edward Cook,Female,45,38715,1
10533,Erin Wells,Male,24,81257,1
10534,Nicholas Becker,Male,50,133663,1
10535,James Jones,Female,44,45783,0
10536,Katie Coleman,Male,47,104154,0
10537,Jennifer Nichols,Female,24,30030,1
10538,Aaron Park,Female,45,69944,1
10539,Megan Gutierrez,Male,42,91571,1
10540,Aaron Mckay,Female,41,126178,1
10541,Deborah Jensen,Male,45,109312,1
10542,Tammy Trujillo,Male,37,66862,1
10543,Susan Lee,Male,27,139744,0
10544,Brenda Mercer,Female,48,147631,1
10545,Kimberly Williams,Female,44,43107,1
10546,David Lopez,Female,51,74090,0
10547,Daniel Mercer,Female,30,106090,0
10548,Emily Neal,Female,39,59569,-1
10549,Alvin Palmer,Male,21,96558,0
10550,Jason Bullock,Female,24,41038,0
10551,Douglas Richardson,Male,52,131780,1
10552,Juan Ruiz,Female,42,146031,0
10553,Desiree Simpson,Male,23,129474,0
10554,Matthew Garcia,Male,59,82106,0
10555,Amber Miller,Female,28,102802,-1
10556,Jillian Good,Male,22,93715,0
10557,Charles Ford,Female,45,131061,1
10558,Jimmy Davis,Female,56,138419,1
10559,Laurie Wilson,Male,44,18782,0
10560,Micheal Hernandez,Male,29,85062,0
10561,Jacob Mendez,Male,38,115838,0
10562,Brandon Jackson,Female,38,128162,1
10563,Shannon Gillespie,Male,31,66989,1
10564,Nicole Martinez,Female,28,100140,1
10565,Tina Ruiz MD,Female,22,76750,0
10566,Peggy Harrell,Female,20,110002,1
10567,Jose Lopez,Female,25,82533,0
10568,Aaron Powell,Male,56,146122,1
10569,Kimberly Gutierrez,Female,42,122381,0
10570,Jessica Blair,Male,57,46634,0
10571,Michelle Williams,Female,34,135135,-1
10572,Wanda Vazquez,Male,20,26151,0
10573,Margaret Allen,Female,41,96705,1
10574,Christina Reynolds,Male,21,125271,1
10575,Sabrina Rush,Male,23,21904,0
10576,Lauren Wang,Female,34,106287,0
10577,Tracy Knight,Male,53,76295,1
10578,Seth Stewart,Female,30,132909,1
10579,Nathan Walker,Male,40,63936,1
10580,Angela Hall,Male,43,18050,0
10581,James Hamilton,Male,29,86137,0
10582,Lisa Myers,Female,22,25053,1
10583,Pamela Boyle,Female,25,89855,1
10584,Jacob Gonzalez,Female,37,52356,0
10585,Courtney Brown,Male,57,66142,0
10586,James Moran,Male,32,98272,0
10587,Theresa Thomas,Female,36,97239,0
10588,Christina Horn MD,Male,35,139783,1
10589,Kiara Anderson,Female,31,27127,1
10590,Crystal King,Male,47,46240,0
10591,Stacy Johnson,Female,51,99644,0
10592,Christina Herrera,Female,55,119842,1
10593,Jaime Mullins,Male,30,48255,0
10594,Jacqueline Mays,Female,20,56523,1
10595,John Smith,Female,55,42537,-1
10596,Linda Mendez,Female,48,119460,0
10597,Traci York,Female,24,87381,1
10598,Matthew Cole,Female,57,41656,0
10599,Alejandra Lopez,Male,37,63468,1
10600,Ricky Jones,Female,32,111492,1
10601,Mrs. Erin Schultz,Female,43,14623,0
10602,Rebekah Schneider,Male,29,137857,0
10603,Michael Brandt,Male,36,71393,1
10604,Michael Long,Male,38,8901,1
10605,Edward Kidd,Male,23,35809,0
10606,Kathy Joyce,Female,39,147135,1
10607,Alexander Figueroa,Female,27,54967,1
10608,Michael Shea,Female,28,124175,0
10609,Michael Taylor,Male,40,63086,1
10610,Mr. Jeremy Lopez,Female,35,77008,1
10611,Susan Weaver,Male,55,65612,1
10612,Michael Fritz,Female,41,40765,0
10613,Allison Davis,Male,31,144517,0
10614,Adam Randall,Male,20,126897,0
10615,Denise Orozco,Female,28,13526,1
10616,Yvonne Ramirez,Male,55,49994,1
10617,John Galloway,Male,57,120289,0
10618,Darrell Hicks,Female,40,73808,1
10619,Bobby Williams,Female,49,146385,0
10620,Zachary Wagner PhD,Male,25,29712,1
10621,Justin Johnson,Female,35,17387,0
10622,Katherine Martin,Female,52,12688,0
10623,Benjamin Simpson,Female,30,39879,0
10624,Timothy Richardson,Male,55,90807,1
10625,Catherine Knight,Male,55,56573,1
10626,Isaiah Harris,Male,32,102326,0
10627,Tamara Baker,Female,58,83880,1
10628,Steven Chambers,Female,51,15178,1
10629,Tiffany Clark,Male,34,112073,0
10630,Cynthia Hubbard,Female,20,106949,1
10631,Sarah Hutchinson,Female,23,22373,1
10632,Elizabeth Clark,Male,45,126975,0
10633,Kyle Thomas,Male,55,53945,1
10634,Brittany Hall,Male,22,126799,0
10635,Jennifer Harvey,Male,59,90428,1
10636,Austin Williams,Male,22,32589,0
10637,Dale Poole,Female,28,9659,0
10638,Robert Compton,Female,37,130372,1
10639,Amanda Bradley,Male,28,22587,1
10640,Angela Horne,Male,36,87100,1
10641,Danielle Snow,Male,29,131400,0
10642,Jordan Hayes,Female,33,44583,0
10643,Peter Martin,Male,30,122741,0
10644,Brandon Smith,Female,27,47094,0
10645,Robert Davis,Male,56,32836,-1
10646,Brett Davis,Male,38,21848,0
10647,Dr. Jennifer Johnston,Female,58,146316,1
10648,Amber Bailey,Female,38,140342,1
10649,Rebecca Choi,Female,39,55026,0
10650,Margaret Burns,Male,46,45149,0
10651,Richard Hernandez,Male,40,19210,1
10652,Travis Rogers,Female,44,19637,1
10653,Jessica Graham,Male,54,29155,0
10654,Lindsay Roberts,Male,50,29396,0
10655,Jessica Murphy,Male,52,27650,1
10656,Kevin Smith,Female,56,86118,0
10657,Benjamin Rivera,Female,47,22992,1
10658,Patrick Wiley,Female,21,15048,0
10659,Cindy Shaw DDS,Male,44,80017,0
10660,Lynn Davis,Female,53,98625,1
10661,Garrett Mccoy,Female,28,17620,0
10662,Jonathan Phelps,Male,41,64739,1
10663,Amy Russell,Female,55,147301,0
10664,Laura Wolf,Female,49,126175,0
10665,Robert Valenzuela,Male,45,97324,0
10666,George Adams,Male,24,139628,1
10667,Leslie Alvarado,Male,30,35325,1
10668,Robert Brown,Female,44,80498,0
10669,Cheryl Crosby,Male,43,29966,0
10670,Patrick Valencia,Male,54,85531,0
10671,Amy Klein,Male,22,46283,0
10672,Ariel Jones,Female,29,92288,0
10673,Mark Daniels,Male,20,33150,0
10674,Susan Anderson,Male,57,25308,1
10675,Samuel Montoya,Male,25,126709,0
10676,Mark Long,Female,53,11036,-1
10677,Jordan Hahn,Female,59,36764,0
10678,Sandra Cook,Female,28,91569,1
10679,Andrew Miller,Female,40,72408,0
10680,Lisa Reid,Female,41,107203,1
10681,Jessica Miller,Male,23,28415,0
10682,Tina Green DDS,Male,32,60559,1
10683,Ricky Foster,Male,27,19402,0
10684,Gary Martin,Female,51,56839,0
10685,Caroline Campbell,Male,24,42578,0
10686,Barbara Gonzalez,Female,36,70898,0
10687,Alexandra Turner,Female,27,74708,1
10688,Heather Reed,Female,34,16701,0
10689,Mikayla Ortega,Female,37,82937,0
10690,Lisa Villa,Male,40,129372,0
10691,Brenda Brown,Male,23,38089,1
10692,Steven Mcdaniel DDS,Female,55,118381,0
10693,Cheryl Lopez,Male,57,97472,0
10694,Candace Patel,Female,50,20487,1
10695,George Kaiser,Female,23,129661,0
10696,Sean Daniels,Male,39,32504,0
10697,Joel Bennett,Male,39,93763,1
10698,Zachary Garcia,Male,42,103954,0
10699,Brian Hawkins,Male,55,86880,0
10700,Jacqueline Watkins,Male,45,43618,1
10701,Yolanda Baker,Male,55,145867,1
10702,James Hawkins,Female,38,116188,0
10703,Sarah Smith,Female,38,17435,1
10704,Nicholas Vega,Male,46,141617,0
10705,Edward Abbott,Female,41,21205,0
10706,Matthew Alvarez,Female,55,67685,1
10707,Anthony Cox,Male,37,10989,0
10708,Lynn Sanchez,Male,22,38740,1
10709,Derek Prince,Male,32,135272,-1
10710,Damon Thompson,Male,42,15886,1
10711,Timothy Gonzalez,Male,49,68859,0
10712,Sherry Johnston,Male,21,102371,1
10713,Tiffany Beasley,Male,43,101843,1
10714,Michael Banks,Female,26,14983,1
10715,Sheila Hall,Female,25,85900,1
10716,Alicia Mason,Male,22,104027,0
10717,Anthony Neal,Male,20,13985,0
10718,Monica Sherman,Female,34,112652,0
10719,Michael Jones,Male,40,125818,0
10720,Kimberly Aguilar,Female,37,14496,0
10721,Christopher Thompson,Female,52,26741,0
10722,Austin Carter,Female,22,75442,0
10723,Mary Walker,Female,59,47177,0
10724,Dr. Cheryl Merritt,Female,56,95006,0
10725,Victoria Roth,Male,28,23367,0
10726,Martha Smith,Male,23,31745,1
10727,Jill Nunez,Female,22,89234,0
10728,Brent Reed,Female,37,126859,0
10729,Amy Steele,Female,38,125902,0
10730,Samantha Curtis,Female,50,129718,1
10731,Kelsey Sanchez,Female,29,55709,0
10732,Shelby West,Male,47,18666,1
10733,William Taylor,Male,45,65068,0
10734,Lisa Williams,Female,54,47643,0
10735,Zachary Tucker,Female,52,12504,0
10736,Crystal Payne,Female,28,80372,1
10737,Joshua Meyers,Male,28,34235,0
10738,Karen Harmon,Female,31,100821,1
10739,Jessica Tran,Male,33,121800,0
10740,Joel Barker,Female,52,118028,-1
10741,Shane Cantu,Male,20,51568,1
10742,Jamie King,Female,26,101804,1
10743,Christopher Johnson,Male,39,45889,0
10744,Beverly Morris,Male,27,93030,1
10745,Cassandra Collier,Female,54,23498,-1
10746,Jennifer Weber,Female,51,111061,1
10747,Mike Jones,Female,33,81377,1
10748,Daniel Hodges,Female,59,115033,-1
10749,Cameron Cisneros,Male,26,101258,0
10750,Nathaniel Gonzalez,Female,55,117987,0
10751,Angela Pratt,Male,43,105424,1
10752,Jeffrey Hill,Female,57,130704,-1
10753,Gabrielle Johnston,Female,58,65332,1
10754,Maria Koch,Female,28,23573,0
10755,April Ramirez,Female,45,17349,1
10756,Russell Allen PhD,Female,47,91496,1
10757,Paul Rodriguez Jr.,Female,58,77174,-1
10758,Mercedes Perez,Female,26,80250,0
10759,Andrew Smith,Male,37,42866,0
10760,Katherine Rivera,Male,30,22653,1
10761,Julie Garcia,Male,29,76308,1
10762,Rachael Sanchez,Female,37,139278,1
10763,Christopher Santos,Female,47,50427,0
10764,Matthew Campbell,Male,35,37542,0
10765,Dawn Morrison,Male,47,118251,1
10766,Stephen Long,Female,36,51691,1
10767,Kevin Hampton,Male,35,50055,0
10768,Angela Li,Male,49,88719,0
10769,Amber Davies,Female,23,71339,0
10770,Susan Hall,Male,23,20080,0
10771,Autumn Bartlett,Male,37,144131,0
10772,Maxwell Williamson,Female,45,117883,1
10773,Sean Russell,Female,30,148755,1
10774,Kathleen Black,Male,22,96776,0
10775,Charles Chavez,Male,31,15993,1
10776,Gary Jones,Female,50,125738,0
10777,Pamela Meyer,Male,20,83930,1
10778,Melissa Barker,Male,42,118758,1
10779,Jerry Smith,Female,54,64380,1
10780,Roger Smith,Female,28,18678,0
10781,Maria Frazier,Male,44,12672,0
10782,Corey Martinez,Male,58,17188,1
10783,Mark Wagner,Female,40,53867,1
10784,Ian Lopez,Female,26,126793,0
10785,Stephen Henderson,Female,37,144169,0
10786,Brian Williams,Female,28,14855,0
10787,Stacey Smith,Female,48,82160,1
10788,Heidi Chapman,Female,46,95868,1
10789,Michael Garcia,Male,55,119100,1
10790,Charles Hughes II,Female,41,129203,0
10791,Megan Ross,Female,51,15917,1
10792,Hailey Johnson,Male,50,11748,0
10793,Tyler Lee,Female,28,143199,-1
10794,Linda Martin,Male,23,41240,1
10795,Victoria Ellison,Male,38,86956,1
10796,Shelby Adams,Male,31,40578,1
10797,Brian Terrell,Female,37,52765,1
10798,Candace Smith,Female,48,62892,0
10799,Cheryl Wilson,Male,41,32069,1
10800,Stephanie Reyes,Male,52,18001,-1
10801,Stephanie Robertson,Male,42,60696,1
10802,Tonya Moreno,Male,54,48256,1
10803,Jesse Rodriguez,Female,43,62231,1
10804,Sherry Stone,Female,38,87000,1
10805,Cindy Acevedo,Male,50,76398,0
10806,Carlos Taylor,Female,54,94890,0
10807,Kelli Gibbs,Female,55,99335,0
10808,Valerie Roth,Female,37,36798,1
10809,Phillip Dawson,Female,54,148376,1
10810,Michael Peterson,Male,53,75027,0
10811,Rhonda Johnson,Female,37,90220,1
10812,Dustin Evans,Male,22,144246,1
10813,Carla Burns,Male,51,76723,1
10814,Natalie Sandoval,Male,23,149501,0
10815,Sherri Frey,Male,40,111794,1
10816,Felicia Lambert,Female,44,80968,0
10817,Lisa Gray,Male,23,43240,0
10818,Mark Sandoval,Male,47,82800,0
10819,Scott Mack,Female,44,82374,1
10820,Charles Robbins,Female,45,92363,0
10821,Evelyn Glass,Female,27,98316,0
10822,Matthew Ferguson,Male,54,143877,0
10823,Michele Davis,Male,55,70028,-1
10824,Richard Huff,Male,50,83220,0
10825,Danielle Stanley,Male,37,22475,1
10826,Michelle Pugh,Male,51,72617,0
10827,Jonathan Merritt,Male,25,35652,0
10828,Miranda Cantrell,Female,21,104047,1
10829,Sandy Lopez,Female,54,82224,0
10830,Monica Knight,Female,27,137584,0
10831,Kim Mendoza,Male,52,141617,1
10832,Jacob Adams,Female,28,72785,1
10833,Miranda Torres,Male,20,148413,1
10834,John Cooper,Female,46,74301,1
10835,Jose Wright,Female,36,34168,1
10836,Katherine Joseph,Male,32,118158,0
10837,Richard Hinton,Male,38,69405,1
10838,Brian Hamilton,Female,20,56023,1
10839,Jennifer Palmer,Male,54,72771,1
10840,Jessica Williams MD,Female,24,127489,1
10841,Cheyenne Thomas,Female,40,133724,0
10842,Robert Pierce,Male,40,145566,0
10843,Miguel Fitzgerald,Female,46,147323,1
10844,Randy Ramirez,Female,23,55459,0
10845,Tina Ward,Male,21,141964,1
10846,Scott Goodman,Female,53,96194,-1
10847,Jacob Carpenter,Female,56,35843,1
10848,Whitney Dickson,Female,29,60618,0
10849,Laura Hamilton,Female,37,78675,0
10850,Adrian Jordan,Female,34,38001,0
10851,Derrick Barrera,Male,33,12065,0
10852,Alison Clark,Female,59,21308,0
10853,Jackson Thompson,Female,42,77914,1
10854,William Robles,Female,49,18438,0
10855,Erik Grant,Female,23,141160,1
10856,Kyle Francis,Male,29,139792,1
10857,Michael Watts,Female,23,24885,1
10858,Brendan Wright,Female,50,31121,1
10859,Alexander Hogan,Female,43,81869,0
10860,Jane Davenport,Male,46,68828,0
10861,Joanna Vincent,Female,36,119692,0
10862,John Wilcox,Male,44,132146,0
10863,Colleen Rodriguez,Male,56,113689,1
10864,Kimberly Perry,Female,20,94855,0
10865,Lauren Kennedy,Female,48,18077,0
10866,Thomas Howard,Female,52,110824,0
10867,James Craig,Female,40,75987,0
10868,Brandon Wilson,Male,46,18276,0
10869,Rebecca Hines,Male,56,121597,1
10870,Gregory Smith,Male,58,139850,1
10871,Philip Sawyer,Female,39,95752,1
10872,Jacob Michael,Male,53,42394,1
10873,Philip Branch,Female,23,10583,0
10874,Cody Esparza,Female,40,111372,0
10875,Robyn Davis,Male,52,125183,1
10876,Kelly Rush,Female,51,8444,0
10877,Jessica Wright,Male,47,49485,0
10878,Kimberly Bates,Male,45,58816,1
10879,Samuel Benson,Male,49,42909,1
10880,Joshua Thomas,Male,21,76645,1
10881,Amanda Jordan,Female,59,136757,1
10882,Logan Diaz,Male,39,109129,1
10883,Jeffery Young,Female,41,58664,1
10884,Mary Wilson,Male,45,47134,0
10885,Martin Underwood,Female,36,101984,0
10886,Elaine Francis,Male,38,45531,-1
10887,Shane Mccormick,Male,58,129193,0
10888,James Henderson,Male,54,117655,0
10889,Marie Case,Male,37,82282,0
10890,Brian Johnson,Female,39,125216,1
10891,Ashley Ramirez,Female,25,143021,-1
10892,Katie Hall,Female,38,146994,0
10893,Anthony Goodwin,Female,54,137130,1
10894,Rachel Weiss,Male,47,44712,0
10895,Ricardo Bauer,Female,40,57064,0
10896,Mr. Bruce Jensen,Female,47,68604,0
10897,Erica Garcia,Male,43,20288,1
10898,Leslie George,Female,31,121148,0
10899,Emily Miller,Male,52,149082,-1
10900,Timothy Hodges,Male,29,122851,1
10901,Jenna Lee,Male,54,37606,1
10902,Nicole Davis,Male,41,17033,1
10903,Kyle Mcdonald,Male,30,116898,1
10904,Robin Morrison PhD,Female,32,148719,-1
10905,Sabrina Flynn,Male,58,60290,1
10906,Brian Phillips,Female,44,92195,1
10907,Jeffrey Jenkins,Male,58,35108,1
10908,Hunter Young,Female,40,29010,0
10909,Ashley Warren,Female,48,38244,-1
10910,Hector Rodriguez,Female,36,134155,0
10911,Jessica Holloway,Female,32,107689,0
10912,Jodi Richards,Male,35,71226,1
10913,Angela Dominguez,Female,43,50604,1
10914,Dustin Pierce,Male,21,110978,0
10915,Kayla Lee,Male,31,38322,1
10916,Jose Ortega,Female,26,117073,0
10917,Rachel Chung,Male,39,78783,0
10918,Matthew Martin,Female,54,73768,1
10919,Ryan Reyes,Female,30,99646,1
10920,Tony Lee,Male,54,93997,-1
10921,Miss Paula Johnson MD,Male,25,62554,0
10922,Melissa Dennis,Male,30,107015,-1
10923,Karen Meyer,Female,35,59916,1
10924,Andrea Jackson,Female,28,41559,1
10925,Mr. Robert Arroyo,Male,29,82410,0
10926,Jennifer Franco,Male,42,79660,1
10927,Andrea Parsons,Male,34,147025,1
10928,Todd Savage,Male,49,108916,0
10929,Roy Graves,Male,50,103199,1
10930,Nicole Ford,Male,55,29910,0
10931,Joseph Hall,Male,35,134412,1
10932,Elizabeth Barnes,Female,39,54222,1
10933,Brian Andrews,Female,23,11855,0
10934,Cindy Garcia,Female,51,9515,1
10935,Michelle Velazquez,Female,33,78819,1
10936,Nicole Esparza,Male,26,84175,-1
10937,Thomas Henderson,Female,44,72446,1
10938,Timothy Rivera,Male,47,72810,-1
10939,Antonio Savage,Male,59,149599,1
10940,Stephanie Valdez,Female,45,36249,0
10941,Maria Holloway,Female,53,109483,1
10942,Antonio Collier,Male,50,133069,1
10943,James Michael,Female,51,142782,1
10944,Joseph Martin,Female,24,65458,0
10945,Billy Moses,Female,35,82502,0
10946,Jeanette Lopez,Male,25,112050,0
10947,Kelsey Miller,Female,59,146006,0
10948,Rachel Riddle,Female,55,84888,0
10949,Haley Wright,Female,58,70533,1
10950,Melissa Torres,Male,43,19144,1
10951,Susan Brown,Female,30,123185,0
10952,Colleen Brown,Male,55,121870,1
10953,Jessica Kirby,Female,41,135233,1
10954,Brittney Santos,Female,33,38984,1
10955,Cheryl Bell,Male,27,50926,0
10956,Erin Hess,Female,41,29597,1
10957,James Ingram,Female,50,137683,1
10958,Brad Barnes,Female,51,81939,0
10959,Paul Sanders,Female,25,28885,0
10960,Jessica Gill,Male,31,24783,1
10961,Johnathan Fuentes,Female,29,120887,0
10962,William Wallace,Male,50,110433,0
10963,Jordan Howard,Male,59,100688,0
10964,Patricia Andersen,Male,43,43680,0
10965,Claire Elliott,Male,31,118884,0
10966,Mary Macias,Female,37,147093,1
10967,Julie Thompson,Male,37,45357,0
10968,Colin Turner,Male,28,77032,1
10969,Kurt Jenkins,Male,21,70112,1
10970,Ashley Harmon,Male,22,68126,-1
10971,Dorothy West,Male,55,61223,0
10972,Katrina Franklin,Male,25,69201,1
10973,Elizabeth Williams,Male,27,46121,0
10974,Daniel Henderson,Male,28,51052,1
10975,Danny Douglas,Male,53,39776,1
10976,Robert Ramirez,Female,54,59372,0
10977,Manuel Ortiz,Female,55,71984,0
10978,Grant Phillips,Female,39,86588,0
10979,Thomas Gilbert,Female,34,34236,1
10980,Steven Cox,Male,24,144795,0
10981,William Ferguson,Female,54,14634,0
10982,Eric Robinson,Male,28,84958,1
10983,Brian Fisher,Male,49,77513,1
10984,Scott Gaines,Female,57,146620,1
10985,Michael Perez,Female,21,73489,0
10986,Christina Herrera,Male,27,67395,1
10987,William Lopez,Male,55,85558,0
10988,Joseph Cruz,Male,49,147821,0
10989,Michael House,Male,42,49415,1
10990,Pamela Peters,Female,44,18862,0
10991,Sabrina Krause,Male,36,81583,1
10992,Stephanie Martin,Female,47,138853,0
10993,Stephen Miller,Male,53,28285,1
10994,Kenneth Jones,Male,39,74221,1
10995,Cesar Ryan,Female,24,37345,0
10996,Ashley Lynch,Male,55,63653,0
10997,Jeffrey Short,Female,46,56226,0
10998,Ashley Jones,Male,22,110002,1
10999,Samantha Flores,Male,35,54980,1
11000,Deborah Cook,Female,47,44939,1
